"sparse","N","T0","gamma","Measure","OLS","LSDV","EBMLE","URE","AH","GMM1","GMM2","LASSO","RIDGE","ELASTIC_NET"
0,20,5,0.2,"Bias",-0.14636,0.10326,0.10344,0.1031,-0.01471,-0.00333,-0.00031,0.24502,0.23907,0.24556
0,20,5,0.2,"Var",4.50802,4.731,4.27352,4.29914,6.09743,6.13648,6.14215,4.41604,4.3927,4.41163
0,20,5,0.2,"MSE",1.83672,1.38875,1.33787,1.3392,2.11013,2.24897,2.26598,1.78566,1.76013,1.78516
0,20,5,0.8,"Bias",-0.02078,0.14005,0.19095,0.11721,0.02952,0.19177,0.19562,0.07445,0.0724,0.07444
0,20,5,0.8,"Var",23.02153,22.85561,19.85152,21.74082,26.7738,26.71168,25.86869,23.30698,23.326,23.30701
0,20,5,0.8,"MSE",1.2077,1.36772,1.46505,1.37501,3.81594,4.73227,4.10348,1.19899,1.20016,1.19896
0,20,10,0.2,"Bias",-0.10761,0.01072,0.00878,0.01236,-0.0054,-0.00507,-0.00492,-0.1411,-0.14672,-0.14201
0,20,10,0.2,"Var",4.81469,5.00873,4.75736,4.78674,6.33592,6.26519,6.25667,4.93118,4.88554,4.92803
0,20,10,0.2,"MSE",1.64719,1.16135,1.1495,1.15016,2.03689,1.99196,1.99554,1.38084,1.39631,1.38105
0,20,10,0.8,"Bias",-0.03827,0.03985,0.02129,0.04915,-0.00394,0.01987,0.02065,-0.0541,-0.05603,-0.05419
0,20,10,0.8,"Var",23.35429,23.51792,21.67262,22.88691,26.53763,25.20316,25.19982,23.39517,23.40367,23.39599
0,20,10,0.8,"MSE",1.1479,1.22173,1.22812,1.21599,2.71422,1.56762,1.56336,1.14123,1.1409,1.14072
0,20,20,0.2,"Bias",-0.01265,-0.00271,-0.00398,-0.0017,-0.00206,-0.00153,0.0009,-0.0601,-0.08566,-0.06211
0,20,20,0.2,"Var",5.25198,6.00071,5.82568,5.86892,7.36174,7.29955,6.76681,5.56141,5.4935,5.55426
0,20,20,0.2,"MSE",1.6854,1.07814,1.07728,1.07737,2.01892,1.98079,1.88903,1.21376,1.1944,1.21142
0,20,20,0.8,"Bias",0.00392,-0.00669,-0.02578,0.00328,-0.00092,-0.00254,-0.00282,-0.03752,-0.03769,-0.03746
0,20,20,0.8,"Var",34.99648,34.12639,32.87512,33.72203,37.40505,36.68015,36.46682,35.0665,35.07745,35.06558
0,20,20,0.8,"MSE",1.14018,1.11304,1.1261,1.11449,2.33906,1.75368,1.64774,1.13333,1.13408,1.13328
0,20,30,0.2,"Bias",0.00536,-0.00236,-0.00269,-0.00208,0.00004,-0.00064,0.01467,0.00639,-0.0494,0.00231
0,20,30,0.2,"Var",4.35827,5.44648,5.3377,5.35144,6.81667,6.75366,5.52739,4.90868,4.86478,4.90096
0,20,30,0.2,"MSE",1.58812,1.04996,1.04854,1.04863,2.02271,1.9848,2.0474,1.16727,1.13863,1.16429
0,20,30,0.8,"Bias",0.01414,-0.00619,-0.01525,0.0005,-0.00038,0.00217,0.02112,-0.01358,-0.01669,-0.01371
0,20,30,0.8,"Var",24.71107,24.3567,23.79127,24.06154,27.20562,26.90026,25.9137,24.76088,24.76843,24.76012
0,20,30,0.8,"MSE",1.12375,1.07225,1.07293,1.07174,2.05725,1.83871,1.37978,1.11524,1.11262,1.11505
0,100,5,0.2,"Bias",-0.06093,0.02707,0.0271,0.02704,0.00481,0.00565,0.00547,-0.00297,-0.00553,-0.00257
0,100,5,0.2,"Var",4.29685,5.0514,4.5726,4.58659,6.27979,6.29561,6.29625,4.34549,4.3951,4.34797
0,100,5,0.2,"MSE",1.73718,1.29379,1.23625,1.23688,2.02127,2.04213,2.04328,1.71124,1.64511,1.70925
0,100,5,0.8,"Bias",-0.01115,0.02423,0.02098,0.02604,-0.00351,0.02139,0.02271,-0.01189,-0.01132,-0.01189
0,100,5,0.8,"Var",25.22887,24.70994,23.52725,24.31718,29.36094,28.93323,29.98411,25.22721,25.26421,25.22721
0,100,5,0.8,"MSE",1.15879,1.2951,1.29996,1.29436,4.05634,4.22783,5.28443,1.15541,1.15819,1.15541
0,100,10,0.2,"Bias",-0.02713,0.00162,0.00141,0.00181,-0.00187,-0.00233,-0.00239,-0.00483,0.00539,-0.00464
0,100,10,0.2,"Var",5.42103,6.13683,5.8106,5.84615,7.51224,7.48854,7.48891,5.96727,5.82125,5.96126
0,100,10,0.2,"MSE",1.75622,1.14235,1.13024,1.1314,2.00828,1.99873,2.00557,1.27442,1.25846,1.27383
0,100,10,0.8,"Bias",-0.0314,0.02721,0.02737,0.02741,-0.00907,-0.00197,-0.00209,-0.03021,-0.03032,-0.03028
0,100,10,0.8,"Var",34.00314,32.87135,31.98871,32.4541,36.79401,35.14856,35.03291,33.99422,34.03593,33.99506
0,100,10,0.8,"MSE",1.1489,1.19527,1.19723,1.19499,2.8359,1.56897,1.53633,1.14687,1.14922,1.14686
0,100,20,0.2,"Bias",-0.04207,0.00332,0.00347,0.0032,-0.00177,-0.00172,-0.0018,0.00178,0.0089,0.00198
0,100,20,0.2,"Var",6.29628,7.52833,7.35561,7.38179,8.91502,8.88973,8.88805,7.05002,6.96257,7.04566
0,100,20,0.2,"MSE",1.79391,1.06545,1.06298,1.06305,1.99734,1.98666,1.98775,1.13709,1.12302,1.13596
0,100,20,0.8,"Bias",-0.02256,0.01261,0.01421,0.01091,-0.00172,0,-0.00004,-0.00911,-0.00908,-0.00907
0,100,20,0.8,"Var",35.13678,34.55006,34.08755,34.25832,37.49301,37.18003,37.17909,35.14391,35.16341,35.14357
0,100,20,0.8,"MSE",1.13481,1.09842,1.09859,1.09779,2.02647,1.85137,1.8514,1.12105,1.12271,1.12105
0,100,30,0.2,"Bias",0.02369,-0.00178,-0.00174,-0.00181,0.00031,0.00024,0.00147,0.03677,0.03737,0.03696
0,100,30,0.2,"Var",5.34234,6.2297,6.14119,6.14815,7.61107,7.59804,7.49794,5.87893,5.83382,5.87557
0,100,30,0.2,"MSE",1.83789,1.04552,1.04434,1.04445,2.00434,1.99609,1.97061,1.10846,1.10918,1.10853
0,100,30,0.8,"Bias",0.00352,-0.00182,-0.00129,-0.00234,0.0001,-0.00001,0.00054,0.01603,0.01499,0.01598
0,100,30,0.8,"Var",32.64058,32.67004,32.35707,32.43499,35.40333,35.26361,35.14569,32.75428,32.756,32.75407
0,100,30,0.8,"MSE",1.13976,1.06519,1.06415,1.06426,2.00409,1.91439,1.84743,1.11276,1.10648,1.11239
0.1,20,5,0.2,"Bias",-0.14368,0.10326,0.10357,0.103,-0.01461,-0.00345,-0.00037,0.25334,0.24548,0.25265
0.1,20,5,0.2,"Var",4.48193,4.68234,4.23257,4.25787,6.05525,6.09337,6.09848,4.38983,4.36777,4.38743
0.1,20,5,0.2,"MSE",1.82444,1.38875,1.33872,1.33995,2.1098,2.24772,2.26393,1.77791,1.75189,1.77509
0.1,20,5,0.8,"Bias",-0.02086,0.14043,0.19228,0.11751,0.03945,0.1825,0.19165,0.07463,0.07262,0.07463
0.1,20,5,0.8,"Var",22.74394,22.55565,19.54289,21.44394,27.01371,25.09718,25.19343,23.03821,23.05696,23.0383
0.1,20,5,0.8,"MSE",1.20775,1.36824,1.46929,1.37624,4.43787,3.61371,3.79663,1.19923,1.20041,1.19921
0.1,20,10,0.2,"Bias",-0.08723,0.01072,0.01044,0.011,-0.00539,-0.00506,-0.005,-0.08749,-0.07433,-0.08696
0.1,20,10,0.2,"Var",4.39968,4.14233,4.0005,4.01116,5.46656,5.39233,5.38397,4.32438,4.34731,4.32491
0.1,20,10,0.2,"MSE",1.51382,1.16135,1.14344,1.14375,2.03718,1.99126,1.99509,1.38568,1.36677,1.38401
0.1,20,10,0.8,"Bias",-0.04106,0.04528,0.04837,0.04057,-0.00291,0.02125,0.02228,-0.03429,-0.03538,-0.03423
0.1,20,10,0.8,"Var",17.45509,17.62876,16.17149,17.04374,20.73896,19.38286,19.38451,17.4623,17.47286,17.46241
0.1,20,10,0.8,"MSE",1.13721,1.22138,1.21125,1.2103,2.85887,1.56834,1.56609,1.12811,1.12818,1.12809
0.1,20,20,0.2,"Bias",-0.01189,-0.00271,-0.00415,-0.00158,-0.00207,-0.00151,0.00093,-0.10349,-0.10834,-0.10464
0.1,20,20,0.2,"Var",5.11763,5.9421,5.75966,5.80571,7.3065,7.24429,6.67999,5.43733,5.41841,5.43171
0.1,20,20,0.2,"MSE",1.65408,1.07814,1.07733,1.07732,2.01872,1.98116,1.88861,1.20325,1.19288,1.20146
0.1,20,20,0.8,"Bias",0.00616,-0.00791,-0.02842,0.00158,-0.00004,-0.00258,-0.00299,-0.04348,-0.0432,-0.04352
0.1,20,20,0.8,"Var",32.60285,31.83855,30.55209,31.43699,34.97349,34.34976,34.1087,32.72801,32.73952,32.72902
0.1,20,20,0.8,"MSE",1.13982,1.11322,1.12796,1.11476,2.21454,1.75281,1.63932,1.13317,1.13452,1.13298
0.1,20,30,0.2,"Bias",0.00715,-0.00236,-0.00272,-0.00206,0.00005,-0.00065,0.01448,0.00359,-0.05817,-0.00061
0.1,20,30,0.2,"Var",4.25418,5.41294,5.29878,5.31486,6.78628,6.72323,5.49214,4.80516,4.79767,4.79821
0.1,20,30,0.2,"MSE",1.55108,1.04996,1.04854,1.04861,2.02251,1.98509,2.03939,1.15647,1.13428,1.15415
0.1,20,30,0.8,"Bias",0.01509,-0.00641,-0.01678,0.00083,-0.00036,0.00212,0.02207,-0.01504,-0.01956,-0.01509
0.1,20,30,0.8,"Var",23.36081,22.95514,22.37206,22.66573,25.82684,25.51485,24.46524,23.41739,23.4291,23.41726
0.1,20,30,0.8,"MSE",1.12254,1.07245,1.07368,1.07209,2.05071,1.83941,1.36987,1.11286,1.11132,1.11274
0.1,100,5,0.2,"Bias",-0.05713,0.02707,0.02724,0.02693,0.00477,0.00552,0.00535,-0.00611,-0.00922,-0.00597
0.1,100,5,0.2,"Var",4.30837,5.11531,4.61312,4.62671,6.36336,6.37826,6.37897,4.35829,4.40867,4.35939
0.1,100,5,0.2,"MSE",1.68844,1.29379,1.23562,1.23616,2.02142,2.04173,2.04271,1.65775,1.60095,1.65646
0.1,100,5,0.8,"Bias",-0.01053,0.02317,0.02,0.02495,-0.00018,0.02532,0.02522,-0.01267,-0.0121,-0.01267
0.1,100,5,0.8,"Var",23.62372,23.12443,21.94125,22.73472,27.73757,26.44503,26.85072,23.62094,23.65729,23.62094
0.1,100,5,0.8,"MSE",1.15757,1.29683,1.30354,1.29647,3.99621,3.56162,3.96406,1.15422,1.15678,1.15422
0.1,100,10,0.2,"Bias",-0.02403,0.00162,0.00125,0.00196,-0.00186,-0.00231,-0.00237,-0.01358,-0.01251,-0.01383
0.1,100,10,0.2,"Var",5.31782,6.05514,5.70582,5.72436,7.43481,7.41099,7.41077,5.81767,5.68142,5.81146
0.1,100,10,0.2,"MSE",1.64885,1.14235,1.12874,1.12924,2.00839,1.99892,2.00584,1.27437,1.25954,1.27377
0.1,100,10,0.8,"Bias",-0.02813,0.02486,0.02279,0.02676,-0.00488,-0.00243,-0.0027,-0.03429,-0.03425,-0.03433
0.1,100,10,0.8,"Var",29.64964,28.6513,27.76829,28.22515,32.23719,30.90125,30.78284,29.64194,29.67971,29.64239
0.1,100,10,0.8,"MSE",1.14157,1.19618,1.19802,1.19596,2.55817,1.57562,1.54234,1.1401,1.14206,1.14003
0.1,100,20,0.2,"Bias",-0.04113,0.00332,0.00348,0.00319,-0.00177,-0.00172,-0.0018,-0.00741,0.00136,-0.00716
0.1,100,20,0.2,"Var",6.2374,7.3705,7.19385,7.22387,8.75583,8.73093,8.72917,6.93128,6.83467,6.9255
0.1,100,20,0.2,"MSE",1.75639,1.06545,1.06272,1.06289,1.99721,1.98661,1.98765,1.1323,1.12181,1.13163
0.1,100,20,0.8,"Bias",-0.02125,0.01202,0.01371,0.01027,-0.00172,-0.00002,-0.00005,-0.01128,-0.01127,-0.01129
0.1,100,20,0.8,"Var",33.67297,33.13117,32.65543,32.84297,36.04193,35.74342,35.74256,33.67787,33.69564,33.67787
0.1,100,20,0.8,"MSE",1.13274,1.09845,1.09855,1.09775,2.02011,1.85289,1.85274,1.1194,1.12202,1.11945
0.1,100,30,0.2,"Bias",0.02257,-0.00178,-0.00173,-0.00182,0.00031,0.00024,0.0015,0.03657,0.03855,0.03688
0.1,100,30,0.2,"Var",5.30232,6.13935,6.04923,6.0569,7.52172,7.50893,7.40817,5.82671,5.76,5.82205
0.1,100,30,0.2,"MSE",1.7882,1.04552,1.04425,1.0444,2.00432,1.99583,1.96974,1.10596,1.10807,1.1062
0.1,100,30,0.8,"Bias",0.00348,-0.00183,-0.00116,-0.00246,0.0001,0.00001,0.00054,0.01692,0.01601,0.01688
0.1,100,30,0.8,"Var",31.1371,31.10009,30.78076,30.8662,33.85091,33.71716,33.60689,31.24109,31.23795,31.23947
0.1,100,30,0.8,"MSE",1.13708,1.06527,1.06428,1.06439,2.00356,1.91404,1.8502,1.11021,1.10628,1.11007
0.2,20,5,0.2,"Bias",-0.06908,0.10326,0.10391,0.10284,-0.013,-0.00494,-0.00125,0.32067,0.31908,0.32063
0.2,20,5,0.2,"Var",3.92016,4.23561,3.8622,3.88064,5.59379,5.65006,5.6407,3.82268,3.8028,3.81888
0.2,20,5,0.2,"MSE",1.72701,1.38875,1.32709,1.32856,2.09857,2.22518,2.23339,1.72134,1.72391,1.72036
0.2,20,5,0.8,"Bias",-0.00861,0.14472,0.22367,0.10917,0.05702,0.14247,0.1547,0.09465,0.09289,0.09466
0.2,20,5,0.8,"Var",18.01466,18.51268,15.58445,17.48483,21.99168,27.83012,27.05859,18.32953,18.34396,18.32947
0.2,20,5,0.8,"MSE",1.20531,1.36942,1.47779,1.36561,4.61108,9.94059,9.31132,1.20092,1.20219,1.20091
0.2,20,10,0.2,"Bias",-0.06525,0.01072,0.01291,0.00882,-0.00544,-0.0051,-0.00503,-0.04405,-0.0339,-0.04327
0.2,20,10,0.2,"Var",4.14929,4.08321,3.95486,3.96145,5.41352,5.34449,5.33468,4.06898,4.12467,4.06991
0.2,20,10,0.2,"MSE",1.45664,1.16135,1.14229,1.14228,2.03794,1.99229,1.9955,1.32868,1.31671,1.32648
0.2,20,10,0.8,"Bias",-0.03776,0.04728,0.06032,0.03677,-0.00614,0.01884,0.01935,-0.02257,-0.0238,-0.02257
0.2,20,10,0.8,"Var",15.1898,15.33826,13.93859,14.78782,18.00482,17.16726,17.16334,15.20155,15.20985,15.20101
0.2,20,10,0.8,"MSE",1.13748,1.22496,1.21912,1.2145,2.34474,1.60257,1.5997,1.12834,1.12765,1.12852
0.2,20,20,0.2,"Bias",-0.00959,-0.00271,-0.00435,-0.00144,-0.00207,-0.00152,0.00106,-0.11474,-0.13384,-0.11634
0.2,20,20,0.2,"Var",4.52814,5.19786,5.01395,5.05564,6.5504,6.48891,5.88603,4.7391,4.7311,4.73441
0.2,20,20,0.2,"MSE",1.52066,1.07814,1.07595,1.07642,2.01825,1.98196,1.88398,1.20722,1.19841,1.20504
0.2,20,20,0.8,"Bias",0.00555,-0.00786,-0.03712,-0.00529,-0.00134,-0.00249,-0.00248,-0.05374,-0.05363,-0.05376
0.2,20,20,0.8,"Var",22.4869,22.03123,20.76637,21.69105,24.9353,24.43505,24.13838,22.65998,22.66727,22.66013
0.2,20,20,0.8,"MSE",1.13401,1.11336,1.1349,1.1141,2.07791,1.7513,1.6076,1.12993,1.13072,1.12986
0.2,20,30,0.2,"Bias",0.00588,-0.00236,-0.00275,-0.00205,0.00005,-0.00066,0.01566,0.0228,-0.03826,0.0188
0.2,20,30,0.2,"Var",4.16674,5.14211,5.02806,5.04784,6.51543,6.45369,5.20771,4.60786,4.59281,4.60004
0.2,20,30,0.2,"MSE",1.50132,1.04996,1.04832,1.04839,2.02244,1.98546,2.10299,1.15196,1.131,1.14931
0.2,20,30,0.8,"Bias",0.01307,-0.00585,-0.0166,0.0014,-0.00027,0.00207,0.0243,-0.00988,-0.0138,-0.00986
0.2,20,30,0.8,"Var",21.54377,21.15561,20.53946,20.88336,24.01483,23.71193,22.67472,21.56937,21.579,21.5692
0.2,20,30,0.8,"MSE",1.11843,1.07257,1.07457,1.07223,2.04666,1.84105,1.36214,1.10943,1.10831,1.10919
0.2,100,5,0.2,"Bias",-0.05559,0.02707,0.02716,0.02699,0.00478,0.00527,0.00509,-0.04273,-0.04361,-0.04259
0.2,100,5,0.2,"Var",4.16866,4.93865,4.45435,4.46811,6.18054,6.19754,6.19845,4.20865,4.24908,4.20935
0.2,100,5,0.2,"MSE",1.67101,1.29379,1.23209,1.23271,2.02146,2.04275,2.04395,1.63903,1.58659,1.63785
0.2,100,5,0.8,"Bias",-0.00847,0.01806,0.01425,0.01999,0.0098,0.01778,0.01984,-0.01975,-0.01908,-0.01975
0.2,100,5,0.8,"Var",22.1589,21.81057,20.62296,21.42602,25.65461,25.88548,26.59213,22.15385,22.18889,22.15385
0.2,100,5,0.8,"MSE",1.1569,1.29613,1.30184,1.29507,3.4331,4.26116,4.98171,1.15386,1.15626,1.15386
0.2,100,10,0.2,"Bias",-0.02224,0.00162,0.00116,0.00204,-0.00187,-0.00229,-0.00235,-0.02702,-0.02684,-0.02735
0.2,100,10,0.2,"Var",5.17085,5.85754,5.50568,5.51657,7.23538,7.21202,7.21214,5.5904,5.47701,5.58516
0.2,100,10,0.2,"MSE",1.59485,1.14235,1.12726,1.12743,2.00852,1.9991,2.00604,1.27382,1.25971,1.27313
0.2,100,10,0.8,"Bias",-0.02615,0.02331,0.02041,0.02571,-0.00633,-0.00279,-0.00313,-0.0382,-0.03812,-0.03819
0.2,100,10,0.8,"Var",26.82175,25.94791,25.05345,25.52712,29.8176,28.18113,28.06575,26.81752,26.85223,26.81736
0.2,100,10,0.8,"MSE",1.13813,1.19632,1.19817,1.19586,2.90831,1.58864,1.55354,1.13713,1.13879,1.13715
0.2,100,20,0.2,"Bias",-0.03803,0.00332,0.00349,0.00319,-0.00177,-0.00172,-0.00179,-0.00933,0.00344,-0.00899
0.2,100,20,0.2,"Var",5.95606,6.99542,6.81589,6.85126,8.3775,8.35321,8.35195,6.56513,6.47084,6.56026
0.2,100,20,0.2,"MSE",1.73237,1.06545,1.0621,1.06248,1.99731,1.98686,1.98809,1.13423,1.12681,1.13317
0.2,100,20,0.8,"Bias",-0.02101,0.01206,0.01392,0.01021,-0.00178,-0.00005,-0.00008,-0.01092,-0.01041,-0.01091
0.2,100,20,0.8,"Var",29.92593,29.60881,29.11174,29.3286,32.43647,32.14979,32.14935,29.95189,29.96328,29.95155
0.2,100,20,0.8,"MSE",1.13371,1.09814,1.09777,1.0971,2.01587,1.85509,1.85528,1.11946,1.12378,1.11955
0.2,100,30,0.2,"Bias",0.02163,-0.00178,-0.00173,-0.00182,0.00031,0.0002,0.00146,0.0434,0.04222,0.04349
0.2,100,30,0.2,"Var",5.21738,5.98263,5.89297,5.90115,7.36473,7.35226,7.25195,5.68842,5.624,5.68424
0.2,100,30,0.2,"MSE",1.75624,1.04552,1.04415,1.04432,2.00441,1.99602,1.96995,1.10474,1.10877,1.10458
0.2,100,30,0.8,"Bias",0.0032,-0.00175,-0.00108,-0.00237,0.00011,0,0.00051,0.01916,0.01794,0.01912
0.2,100,30,0.8,"Var",29.51674,29.49388,29.16821,29.26299,32.23932,32.09508,31.99086,29.6262,29.61869,29.62657
0.2,100,30,0.8,"MSE",1.13587,1.06529,1.06422,1.06437,2.00495,1.9152,1.85382,1.10842,1.10681,1.10807
0.3,20,5,0.2,"Bias",-0.05205,0.10326,0.10413,0.10271,-0.01314,-0.00506,-0.00167,0.34367,0.3413,0.34305
0.3,20,5,0.2,"Var",3.85267,4.32626,3.93251,3.95297,5.6682,5.7279,5.71821,3.75418,3.74394,3.75169
0.3,20,5,0.2,"MSE",1.73013,1.38875,1.32215,1.32365,2.09833,2.22349,2.23144,1.73973,1.74714,1.73719
0.3,20,5,0.8,"Bias",-0.00629,0.1461,0.23038,0.10933,0.03915,0.17487,0.18024,0.09776,0.09601,0.09774
0.3,20,5,0.8,"Var",17.05527,17.68235,14.68764,16.66703,20.83406,39.571,33.97139,17.37859,17.3932,17.37869
0.3,20,5,0.8,"MSE",1.20747,1.36895,1.49234,1.36388,3.80103,23.12628,17.53896,1.20394,1.20511,1.20392
0.3,20,10,0.2,"Bias",-0.06324,0.01072,0.01274,0.00897,-0.00541,-0.00513,-0.00508,-0.00581,-0.0012,-0.00539
0.3,20,10,0.2,"Var",4.08555,3.89621,3.79804,3.8028,5.22472,5.15536,5.14625,3.99982,4.04047,4.00122
0.3,20,10,0.2,"MSE",1.4413,1.16135,1.14149,1.14153,2.0375,1.99216,1.99515,1.31853,1.31319,1.31708
0.3,20,10,0.8,"Bias",-0.03914,0.04993,0.06252,0.03967,-0.00539,0.01823,0.019,-0.0118,-0.01344,-0.01175
0.3,20,10,0.8,"Var",14.26153,14.52047,13.11611,13.97745,17.08382,16.29482,16.29381,14.28537,14.29292,14.2856
0.3,20,10,0.8,"MSE",1.13682,1.22481,1.21835,1.21378,2.30926,1.61275,1.6105,1.12718,1.12651,1.12731
0.3,20,20,0.2,"Bias",-0.00924,-0.00271,-0.00443,-0.00136,-0.00207,-0.00151,0.00127,-0.10781,-0.12333,-0.10962
0.3,20,20,0.2,"Var",4.49871,5.19622,5.00442,5.0473,6.54538,6.48523,5.86459,4.72287,4.70462,4.71849
0.3,20,20,0.2,"MSE",1.48802,1.07814,1.07562,1.07605,2.01864,1.98199,1.88197,1.19165,1.19269,1.19009
0.3,20,20,0.8,"Bias",0.00418,-0.0071,-0.03772,-0.00394,-0.00173,-0.0024,-0.00257,-0.05246,-0.05215,-0.05249
0.3,20,20,0.8,"Var",21.15108,20.71493,19.37331,20.38686,23.59631,23.09796,22.78348,21.29438,21.29982,21.29468
0.3,20,20,0.8,"MSE",1.13217,1.11344,1.14,1.11429,2.06984,1.75181,1.60316,1.12759,1.12901,1.12748
0.3,20,30,0.2,"Bias",0.00785,-0.00236,-0.00292,-0.00191,0.00004,-0.00067,0.01568,0.01946,-0.04498,0.01542
0.3,20,30,0.2,"Var",4.0746,5.18233,5.05909,5.08085,6.5572,6.49515,5.21717,4.52196,4.55384,4.51795
0.3,20,30,0.2,"MSE",1.47344,1.04996,1.04821,1.0483,2.02249,1.98569,2.10395,1.14683,1.13139,1.14419
0.3,20,30,0.8,"Bias",0.01384,-0.00601,-0.01906,0.00232,-0.00029,0.00203,0.02443,-0.01157,-0.01618,-0.01161
0.3,20,30,0.8,"Var",20.19638,19.78054,19.14414,19.51249,22.66542,22.35582,21.25387,20.22146,20.23863,20.22171
0.3,20,30,0.8,"MSE",1.11701,1.07276,1.07597,1.07265,2.04564,1.84326,1.36468,1.10642,1.10682,1.10616
0.3,100,5,0.2,"Bias",-0.04417,0.02707,0.02693,0.02717,0.00476,0.00524,0.00509,-0.03187,-0.03161,-0.03181
0.3,100,5,0.2,"Var",4.23444,4.92454,4.40713,4.42257,6.17883,6.19539,6.19589,4.25862,4.29569,4.25879
0.3,100,5,0.2,"MSE",1.55248,1.29379,1.22359,1.2243,2.02082,2.04175,2.04282,1.53293,1.49604,1.53224
0.3,100,5,0.8,"Bias",-0.00699,0.01838,0.01569,0.01974,-0.00491,0.01504,0.01513,-0.01639,-0.01581,-0.01639
0.3,100,5,0.8,"Var",18.63888,18.48619,17.3208,18.10289,23.12212,22.48436,23.30641,18.63469,18.66707,18.63469
0.3,100,5,0.8,"MSE",1.14745,1.29758,1.30185,1.29547,4.21144,4.11116,5.01147,1.14439,1.14643,1.14439
0.3,100,10,0.2,"Bias",-0.02073,0.00162,0.0012,0.002,-0.00186,-0.00227,-0.00233,-0.01253,-0.01773,-0.01305
0.3,100,10,0.2,"Var",5.11608,5.85645,5.48831,5.49814,7.23558,7.21268,7.21218,5.49851,5.41973,5.49475
0.3,100,10,0.2,"MSE",1.55464,1.14235,1.12635,1.12642,2.00864,1.99938,2.00634,1.27092,1.26021,1.27021
0.3,100,10,0.8,"Bias",-0.02674,0.02421,0.02122,0.02672,-0.00463,-0.0026,-0.00295,-0.03489,-0.03485,-0.03494
0.3,100,10,0.8,"Var",24.98607,24.13798,23.2282,23.71993,27.42475,26.34426,26.22449,24.98097,25.01365,24.98115
0.3,100,10,0.8,"MSE",1.13653,1.19604,1.19887,1.19579,2.32829,1.58645,1.5524,1.13517,1.1366,1.13533
0.3,100,20,0.2,"Bias",-0.03601,0.00332,0.0035,0.00318,-0.00177,-0.00172,-0.00179,-0.00661,0.00174,-0.00642
0.3,100,20,0.2,"Var",5.8306,6.79461,6.614,6.64966,8.17688,8.15265,8.15129,6.39489,6.29166,6.38839
0.3,100,20,0.2,"MSE",1.69162,1.06545,1.06181,1.06224,1.99738,1.98686,1.98806,1.12924,1.1263,1.12911
0.3,100,20,0.8,"Bias",-0.02043,0.0119,0.01381,0.01004,-0.00181,-0.00008,-0.00011,-0.01087,-0.01079,-0.0108
0.3,100,20,0.8,"Var",27.94588,27.6473,27.1317,27.37165,30.46938,30.19108,30.19054,27.96927,27.98007,27.96875
0.3,100,20,0.8,"MSE",1.13188,1.09839,1.09805,1.0973,2.01506,1.85751,1.85767,1.11659,1.12259,1.11654
0.3,100,30,0.2,"Bias",0.01828,-0.00178,-0.00171,-0.00184,0.00031,0.0003,0.00157,0.04613,0.047,0.04629
0.3,100,30,0.2,"Var",5.04548,5.79171,5.69293,5.70423,7.1763,7.16388,7.064,5.50259,5.42946,5.49751
0.3,100,30,0.2,"MSE",1.62759,1.04552,1.04397,1.0441,2.00435,1.99535,1.96924,1.10555,1.10862,1.10546
0.3,100,30,0.8,"Bias",0.00326,-0.0018,-0.00094,-0.00255,0.0001,-0.00005,0.00051,0.02213,0.02085,0.02208
0.3,100,30,0.8,"Var",25.09554,24.9216,24.57874,24.69012,27.71628,27.57094,27.46339,25.18769,25.17854,25.18732
0.3,100,30,0.8,"MSE",1.12909,1.06533,1.06452,1.06452,2.00363,1.91526,1.85176,1.10515,1.10421,1.10479
0.4,20,5,0.2,"Bias",-0.04765,0.10326,0.10465,0.10234,-0.01284,-0.00701,-0.00336,0.30172,0.3041,0.30156
0.4,20,5,0.2,"Var",3.88385,4.3509,3.94953,3.97154,5.72817,5.78388,5.77445,3.77323,3.76427,3.77071
0.4,20,5,0.2,"MSE",1.68311,1.38875,1.3279,1.32891,2.09471,2.21919,2.22718,1.66844,1.68536,1.66844
0.4,20,5,0.8,"Bias",-0.00377,0.13866,0.22379,0.10195,0.01579,0.12426,0.1216,0.09414,0.09258,0.09413
0.4,20,5,0.8,"Var",16.81304,17.25347,14.15096,16.28719,21.38187,23.30354,23.43189,17.05943,17.07584,17.05961
0.4,20,5,0.8,"MSE",1.20665,1.36989,1.51865,1.36536,4.56504,7.46884,7.59289,1.20147,1.20269,1.20144
0.4,20,10,0.2,"Bias",-0.06256,0.01072,0.0128,0.00892,-0.00541,-0.00513,-0.00507,-0.01358,-0.00763,-0.01309
0.4,20,10,0.2,"Var",4.07075,3.88728,3.79049,3.79518,5.21357,5.14466,5.13528,3.98382,4.02503,3.98474
0.4,20,10,0.2,"MSE",1.44311,1.16135,1.1413,1.14136,2.03757,1.99233,1.99544,1.3193,1.31409,1.31796
0.4,20,10,0.8,"Bias",-0.03857,0.04947,0.06245,0.03907,-0.0054,0.01794,0.01879,-0.01398,-0.01554,-0.01386
0.4,20,10,0.8,"Var",14.18152,14.46172,13.05533,13.92057,17.02422,16.22391,16.22536,14.20288,14.20968,14.20331
0.4,20,10,0.8,"MSE",1.13728,1.2247,1.21802,1.21353,2.32356,1.61533,1.61354,1.12767,1.12699,1.12786
0.4,20,20,0.2,"Bias",-0.00912,-0.00271,-0.00455,-0.00127,-0.00208,-0.00152,0.00119,-0.10631,-0.1182,-0.10827
0.4,20,20,0.2,"Var",4.34036,4.77278,4.60322,4.64027,6.12408,6.06532,5.50424,4.47669,4.41723,4.46783
0.4,20,20,0.2,"MSE",1.46613,1.07814,1.07574,1.07602,2.01877,1.98204,1.88353,1.18566,1.19665,1.18528
0.4,20,20,0.8,"Bias",0.00322,-0.00661,-0.03935,-0.00391,-0.00202,-0.00243,-0.00258,-0.05177,-0.05129,-0.05183
0.4,20,20,0.8,"Var",19.64372,19.14943,17.72742,18.83365,22.06595,21.59785,21.33943,19.76819,19.77241,19.76794
0.4,20,20,0.8,"MSE",1.12997,1.11318,1.14708,1.11432,2.07371,1.75211,1.61363,1.12514,1.12697,1.12512
0.4,20,30,0.2,"Bias",0.00541,-0.00236,-0.00296,-0.00189,0.00004,-0.00067,0.0161,-0.0234,-0.07233,-0.02629
0.4,20,30,0.2,"Var",4.10083,5.09146,4.96326,4.98674,6.46789,6.40664,5.14333,4.5258,4.52469,4.51966
0.4,20,30,0.2,"MSE",1.42741,1.04996,1.04803,1.04818,2.0226,1.98578,2.11611,1.13719,1.12855,1.13534
0.4,20,30,0.8,"Bias",0.01437,-0.00655,-0.02073,0.00162,-0.00022,0.00203,0.02528,-0.02427,-0.02851,-0.02423
0.4,20,30,0.8,"Var",19.02476,18.63018,17.98061,18.35894,21.51556,21.21327,20.10786,19.09288,19.11123,19.09281
0.4,20,30,0.8,"MSE",1.11111,1.07286,1.07674,1.07279,2.04387,1.84421,1.35558,1.10196,1.10339,1.10179
0.4,100,5,0.2,"Bias",-0.043,0.02707,0.02715,0.027,0.0048,0.00526,0.0051,-0.01706,-0.01742,-0.01693
0.4,100,5,0.2,"Var",4.09298,4.76166,4.26147,4.27699,6.00082,6.01825,6.01873,4.11657,4.14457,4.11746
0.4,100,5,0.2,"MSE",1.52844,1.29379,1.2154,1.21628,2.0197,2.03966,2.04091,1.5092,1.48057,1.5079
0.4,100,5,0.8,"Bias",-0.00768,0.01974,0.01791,0.02079,-0.00168,0.00164,-0.00017,-0.01207,-0.01157,-0.01207
0.4,100,5,0.8,"Var",16.98931,17.09246,15.92478,16.71331,19.84467,24.64437,26.68363,16.98681,17.01822,16.98681
0.4,100,5,0.8,"MSE",1.14489,1.29724,1.29709,1.29328,2.55374,7.71423,9.81328,1.14171,1.14364,1.14171
0.4,100,10,0.2,"Bias",-0.01834,0.00162,0.00131,0.0019,-0.00184,-0.00226,-0.00232,-0.01848,-0.01968,-0.01887
0.4,100,10,0.2,"Var",4.79578,5.47491,5.11913,5.12576,6.85439,6.83193,6.83142,5.12213,5.03177,5.1181
0.4,100,10,0.2,"MSE",1.48866,1.14235,1.1236,1.12367,2.00845,1.99933,2.00637,1.25813,1.2475,1.25738
0.4,100,10,0.8,"Bias",-0.02569,0.02412,0.02205,0.02595,-0.00253,-0.00256,-0.00307,-0.03477,-0.03467,-0.03476
0.4,100,10,0.8,"Var",21.05468,20.4445,19.58719,20.01308,23.44062,22.66899,22.57316,21.05211,21.08008,21.052
0.4,100,10,0.8,"MSE",1.13329,1.19727,1.19707,1.19553,2.10434,1.63775,1.6057,1.13211,1.13303,1.13213
0.4,100,20,0.2,"Bias",-0.03337,0.00332,0.00354,0.00315,-0.00177,-0.00172,-0.0018,-0.00598,0.00133,-0.00585
0.4,100,20,0.2,"Var",5.64515,6.34872,6.17683,6.20811,7.72924,7.70538,7.70435,6.02808,5.92956,6.02219
0.4,100,20,0.2,"MSE",1.63305,1.06545,1.06118,1.06171,1.99739,1.98672,1.98812,1.12941,1.13182,1.12905
0.4,100,20,0.8,"Bias",-0.01988,0.01176,0.01417,0.00959,-0.00173,-0.0001,-0.00015,-0.01036,-0.01063,-0.01035
0.4,100,20,0.8,"Var",24.76796,24.47061,23.91984,24.19829,27.28351,27.02811,27.02816,24.78527,24.79363,24.78538
0.4,100,20,0.8,"MSE",1.12783,1.09829,1.09802,1.0971,2.01242,1.857,1.85738,1.11272,1.12057,1.11278
0.4,100,30,0.2,"Bias",0.01547,-0.00178,-0.0017,-0.00185,0.00032,0.0002,0.0015,0.05394,0.05701,0.05428
0.4,100,30,0.2,"Var",4.84923,5.67121,5.55936,5.57542,7.05805,7.04521,6.94039,5.343,5.26619,5.33734
0.4,100,30,0.2,"MSE",1.53412,1.04552,1.04367,1.04389,2.00436,1.99607,1.96878,1.103,1.1082,1.10299
0.4,100,30,0.8,"Bias",0.00293,-0.0017,-0.00038,-0.00281,0.00014,-0.00004,0.00048,0.02671,0.02634,0.02668
0.4,100,30,0.8,"Var",21.24352,21.06008,20.70157,20.82914,23.873,23.73584,23.63234,21.34251,21.33827,21.3425
0.4,100,30,0.8,"MSE",1.12519,1.06554,1.06478,1.06472,2.00333,1.91844,1.86017,1.1016,1.1036,1.10141
0.5,20,5,0.2,"Bias",-0.0747,0.10326,0.10248,0.10413,-0.01328,-0.00705,-0.00291,0.24293,0.24963,0.24327
0.5,20,5,0.2,"Var",4.04579,4.39171,3.97665,4.00077,5.76567,5.82528,5.81397,3.93198,3.91342,3.92885
0.5,20,5,0.2,"MSE",1.68277,1.38875,1.32718,1.32939,2.09932,2.23521,2.24233,1.63037,1.65514,1.63028
0.5,20,5,0.8,"Bias",-0.00657,0.13435,0.22008,0.09731,0.01391,0.17062,0.16561,0.08818,0.0866,0.08818
0.5,20,5,0.8,"Var",17.33784,17.6676,14.51043,16.70049,27.84137,24.35014,24.09853,17.53787,17.55239,17.53779
0.5,20,5,0.8,"MSE",1.20372,1.36804,1.52064,1.36344,10.55547,7.61261,7.43256,1.19635,1.19742,1.19633
0.5,20,10,0.2,"Bias",-0.05953,0.01072,0.01273,0.00904,-0.00545,-0.0051,-0.00506,0.04387,0.04505,0.04416
0.5,20,10,0.2,"Var",4.08319,3.79927,3.7247,3.7282,5.12772,5.05788,5.05049,4.00122,4.03518,4.00151
0.5,20,10,0.2,"MSE",1.40376,1.16135,1.13982,1.13982,2.03751,1.9919,1.99607,1.30463,1.30418,1.30355
0.5,20,10,0.8,"Bias",-0.04065,0.05277,0.0673,0.04204,-0.00733,0.01919,0.0198,0.00408,0.00264,0.00395
0.5,20,10,0.8,"Var",12.79998,13.11688,11.66992,12.58311,15.49172,14.87192,14.87099,12.85599,12.86133,12.85565
0.5,20,10,0.8,"MSE",1.13219,1.22468,1.22281,1.21381,2.15932,1.61085,1.60718,1.12196,1.12176,1.12155
0.5,20,20,0.2,"Bias",-0.00855,-0.00271,-0.0047,-0.00125,-0.00207,-0.00153,0.00135,-0.10185,-0.11479,-0.10417
0.5,20,20,0.2,"Var",4.28408,4.7976,4.62099,4.65853,6.14665,6.08813,5.48753,4.41868,4.39483,4.41114
0.5,20,20,0.2,"MSE",1.44511,1.07814,1.07534,1.07569,2.01852,1.98225,1.88066,1.16397,1.19174,1.16415
0.5,20,20,0.8,"Bias",0.00275,-0.00635,-0.04177,-0.00532,-0.00183,-0.00236,-0.002,-0.05135,-0.05082,-0.05147
0.5,20,20,0.8,"Var",18.52304,18.09113,16.59332,17.78754,20.97019,20.50564,20.22084,18.63473,18.64143,18.63448
0.5,20,20,0.8,"MSE",1.12986,1.1134,1.15308,1.11447,2.06248,1.75637,1.61382,1.12358,1.12665,1.12375
0.5,20,30,0.2,"Bias",0.00155,-0.00236,-0.00292,-0.0019,0.00003,-0.00068,0.01784,0.02249,-0.02153,0.02033
0.5,20,30,0.2,"Var",3.91521,4.43154,4.32134,4.33552,5.80608,5.74704,4.50123,3.99149,4.057,3.99195
0.5,20,30,0.2,"MSE",1.31863,1.04996,1.04719,1.04745,2.02296,1.98587,2.21002,1.13734,1.13463,1.13607
0.5,20,30,0.8,"Bias",0.00937,-0.00533,-0.01669,0.00223,-0.0006,0.00188,0.02953,-0.00613,-0.00967,-0.00616
0.5,20,30,0.8,"Var",13.91207,13.60905,12.97141,13.36073,16.47868,16.21779,15.19728,13.91927,13.92705,13.91941
0.5,20,30,0.8,"MSE",1.09578,1.07283,1.07917,1.07328,2.04566,1.85072,1.33411,1.08889,1.09001,1.0889
0.5,100,5,0.2,"Bias",-0.0371,0.02707,0.02708,0.02706,0.00477,0.00535,0.00514,0.0147,0.01197,0.01475
0.5,100,5,0.2,"Var",3.88634,4.58243,4.09568,4.10801,5.83973,5.85634,5.85716,3.92097,3.94378,3.92077
0.5,100,5,0.2,"MSE",1.4696,1.29379,1.20744,1.20816,2.01956,2.03856,2.0402,1.44076,1.42342,1.44031
0.5,100,5,0.8,"Bias",-0.00935,0.02234,0.02062,0.02362,-0.00033,0.00679,0.00779,-0.0051,-0.00474,-0.0051
0.5,100,5,0.8,"Var",14.02932,14.20879,13.04612,13.8335,16.7409,18.21683,18.25459,14.03303,14.06192,14.03303
0.5,100,5,0.8,"MSE",1.14577,1.29882,1.30163,1.29476,2.2659,4.06436,4.11905,1.14246,1.14388,1.14246
0.5,100,10,0.2,"Bias",-0.01619,0.00162,0.00121,0.00197,-0.00186,-0.00224,-0.0023,-0.03518,-0.04268,-0.03564
0.5,100,10,0.2,"Var",4.58992,5.30316,4.93652,4.94325,6.67719,6.65533,6.65405,4.85513,4.78523,4.85243
0.5,100,10,0.2,"MSE",1.42682,1.14235,1.11971,1.11975,2.0081,1.99933,2.00641,1.24005,1.23869,1.23933
0.5,100,10,0.8,"Bias",-0.02303,0.02233,0.01873,0.02518,-0.00231,-0.0028,-0.00331,-0.04225,-0.04192,-0.04225
0.5,100,10,0.8,"Var",17.83887,17.47855,16.62003,17.04718,20.30729,19.71876,19.65525,17.8439,17.86807,17.8439
0.5,100,10,0.8,"MSE",1.12863,1.198,1.19535,1.19466,2.04289,1.70584,1.68318,1.12828,1.12888,1.12828
0.5,100,20,0.2,"Bias",-0.0269,0.00332,0.00351,0.00316,-0.00177,-0.00171,-0.0018,-0.02599,-0.01656,-0.02588
0.5,100,20,0.2,"Var",5.49204,6.16359,5.97508,5.99949,7.54744,7.52383,7.52218,5.85199,5.74348,5.84542
0.5,100,20,0.2,"MSE",1.48318,1.06545,1.05999,1.06045,1.99734,1.98669,1.98797,1.11789,1.12726,1.11799
0.5,100,20,0.8,"Bias",-0.01706,0.0108,0.01305,0.00869,-0.00168,-0.00021,-0.00026,-0.01825,-0.01811,-0.01828
0.5,100,20,0.8,"Var",19.46191,19.30387,18.69101,19.03677,22.06848,21.83282,21.83185,19.47937,19.48455,19.47889
0.5,100,20,0.8,"MSE",1.1199,1.09865,1.09777,1.09695,2.00436,1.86936,1.86918,1.10903,1.11488,1.1092
0.5,100,30,0.2,"Bias",0.01273,-0.00178,-0.00171,-0.00183,0.00032,0.00021,0.00151,0.02109,0.02417,0.02128
0.5,100,30,0.2,"Var",4.58619,5.04649,4.94609,4.96323,6.4296,6.41772,6.31523,4.80609,4.75781,4.80203
0.5,100,30,0.2,"MSE",1.45484,1.04552,1.04289,1.04327,2.00436,1.99633,1.96899,1.09982,1.10996,1.10009
0.5,100,30,0.8,"Bias",0.00513,-0.00263,-0.00181,-0.00337,0.00018,-0.00023,0.00033,0.01258,0.01303,0.01258
0.5,100,30,0.8,"Var",16.8278,16.72467,16.35211,16.49993,19.49759,19.37159,19.29055,16.87446,16.87325,16.87418
0.5,100,30,0.8,"MSE",1.12046,1.06566,1.06441,1.06437,2.00262,1.92232,1.87208,1.1012,1.10458,1.10116
0.6,20,5,0.2,"Bias",-0.07505,0.10326,0.10259,0.10405,-0.01323,-0.00723,-0.00313,0.23669,0.24377,0.23685
0.6,20,5,0.2,"Var",4.04671,4.39086,3.97662,4.00031,5.76487,5.82398,5.81274,3.9331,3.91459,3.93022
0.6,20,5,0.2,"MSE",1.68483,1.38875,1.32759,1.32976,2.09892,2.23452,2.24139,1.62951,1.65394,1.62864
0.6,20,5,0.8,"Bias",-0.00624,0.13379,0.21944,0.09682,0.00653,0.17463,0.17013,0.08749,0.08591,0.0875
0.6,20,5,0.8,"Var",17.43962,17.77295,14.61814,16.80812,31.72996,27.05162,26.83822,17.63106,17.64556,17.63102
0.6,20,5,0.8,"MSE",1.20371,1.36793,1.51878,1.36302,14.37575,10.24313,10.02435,1.19606,1.19713,1.19605
0.6,20,10,0.2,"Bias",-0.03434,0.01072,0.01502,0.00757,-0.00545,-0.00522,-0.00508,0.15172,0.15244,0.15172
0.6,20,10,0.2,"Var",4.024,4.17204,4.04215,4.04677,5.49324,5.42497,5.41556,3.99616,4.0499,3.99813
0.6,20,10,0.2,"MSE",1.29184,1.16135,1.13017,1.13003,2.03651,1.99312,1.9971,1.25173,1.25869,1.25092
0.6,20,10,0.8,"Bias",-0.03681,0.05855,0.09891,0.02959,-0.00766,0.01561,0.01562,0.04497,0.04394,0.04485
0.6,20,10,0.8,"Var",9.02759,9.48824,8.17782,8.97439,11.77229,11.15086,11.15102,9.19318,9.19601,9.19187
0.6,20,10,0.8,"MSE",1.12567,1.22642,1.22352,1.2084,2.1,1.6535,1.65383,1.11859,1.11803,1.1184
0.6,20,20,0.2,"Bias",-0.00773,-0.00271,-0.00534,-0.00374,-0.00205,-0.00152,0.00137,-0.14169,-0.1468,-0.14283
0.6,20,20,0.2,"Var",4.06517,4.35696,4.20612,4.23538,5.70576,5.64775,5.0499,4.15774,4.09562,4.14632
0.6,20,20,0.2,"MSE",1.39852,1.07814,1.07502,1.07472,2.01833,1.98241,1.88024,1.1577,1.1949,1.15895
0.6,20,20,0.8,"Bias",0.00408,-0.00724,-0.05544,-0.01284,-0.00175,-0.0023,-0.00201,-0.06306,-0.06174,-0.06304
0.6,20,20,0.8,"Var",15.58221,15.19879,13.62592,14.9416,18.0603,17.61942,17.34081,15.75833,15.76317,15.75872
0.6,20,20,0.8,"MSE",1.12691,1.11358,1.16841,1.11474,2.05228,1.756,1.60366,1.12236,1.12561,1.12262
0.6,20,30,0.2,"Bias",0.00411,-0.00236,-0.00271,-0.00207,0.00003,-0.00071,0.01751,0.04341,0.00401,0.04114
0.6,20,30,0.2,"Var",3.76703,4.35048,4.23664,4.24811,5.72741,5.67077,4.46858,3.84814,3.91219,3.84932
0.6,20,30,0.2,"MSE",1.26795,1.04996,1.047,1.04726,2.02279,1.98618,2.1934,1.1252,1.13241,1.12474
0.6,20,30,0.8,"Bias",0.00911,-0.00492,-0.015,0.00209,-0.00052,0.00162,0.03181,0.00724,0.00253,0.00701
0.6,20,30,0.8,"Var",11.83525,11.57718,10.91559,11.34148,14.45386,14.19736,13.04567,11.83594,11.84391,11.83582
0.6,20,30,0.8,"MSE",1.09154,1.07298,1.08306,1.07407,2.03708,1.85713,1.32402,1.08351,1.08589,1.08359
0.6,100,5,0.2,"Bias",-0.02311,0.02707,0.0268,0.02724,0.00478,0.00529,0.0051,0.01131,0.01119,0.01132
0.6,100,5,0.2,"Var",3.86107,4.23381,3.79432,3.80394,5.4897,5.50519,5.50544,3.873,3.88152,3.87309
0.6,100,5,0.2,"MSE",1.30888,1.29379,1.17846,1.17943,2.02017,2.03793,2.03926,1.29939,1.29387,1.29909
0.6,100,5,0.8,"Bias",-0.00558,0.02031,0.02052,0.02037,0.00142,0.00938,0.00938,-0.0005,-0.00022,-0.0005
0.6,100,5,0.8,"Var",9.75106,10.15795,9.10419,9.75887,12.45108,12.73496,12.81957,9.75529,9.778,9.75529
0.6,100,5,0.8,"MSE",1.12483,1.29842,1.2871,1.28788,2.13597,2.5789,2.67959,1.12174,1.12265,1.12174
0.6,100,10,0.2,"Bias",-0.01234,0.00162,0.00169,0.00157,-0.00185,-0.00226,-0.00231,0.01452,0.00557,0.01419
0.6,100,10,0.2,"Var",4.24953,4.95816,4.59498,4.59854,6.34015,6.31898,6.31673,4.44397,4.39756,4.4427
0.6,100,10,0.2,"MSE",1.33207,1.14235,1.11413,1.11415,2.00837,1.99969,2.00641,1.21165,1.21222,1.21087
0.6,100,10,0.8,"Bias",-0.02442,0.02589,0.02615,0.02591,-0.00231,-0.00276,-0.00318,-0.02316,-0.02283,-0.02316
0.6,100,10,0.8,"Var",13.64927,13.35124,12.54994,12.88303,16.18677,15.69071,15.64997,13.6513,13.67079,13.6513
0.6,100,10,0.8,"MSE",1.12249,1.19913,1.19528,1.19434,2.02716,1.74892,1.73246,1.12066,1.12071,1.12066
0.6,100,20,0.2,"Bias",-0.02259,0.00332,0.00358,0.00309,-0.00177,-0.00171,-0.00179,-0.02045,-0.00786,-0.02018
0.6,100,20,0.2,"Var",5.38179,5.97788,5.77815,5.79034,7.36037,7.33682,7.33524,5.67457,5.57358,5.66912
0.6,100,20,0.2,"MSE",1.39072,1.06545,1.05866,1.05882,1.99738,1.98674,1.98788,1.11317,1.12829,1.11301
0.6,100,20,0.8,"Bias",-0.01675,0.01115,0.01443,0.00835,-0.00167,-0.00026,-0.00032,-0.01438,-0.01366,-0.01437
0.6,100,20,0.8,"Var",16.07206,15.98707,15.34842,15.72132,18.7199,18.49485,18.49533,16.0851,16.09017,16.08473
0.6,100,20,0.8,"MSE",1.11239,1.09862,1.09771,1.09644,2.00253,1.87428,1.87491,1.10416,1.10862,1.10439
0.6,100,30,0.2,"Bias",0.00991,-0.00178,-0.00172,-0.00182,0.00032,0.00026,0.00158,0.01141,0.01247,0.01146
0.6,100,30,0.2,"Var",4.37726,4.76043,4.66717,4.67956,6.14442,6.13271,6.02761,4.52641,4.49337,4.52293
0.6,100,30,0.2,"MSE",1.36665,1.04552,1.04221,1.04255,2.0044,1.99655,1.96826,1.09359,1.10796,1.09388
0.6,100,30,0.8,"Bias",0.00556,-0.00292,-0.00224,-0.00359,0.00021,0.00002,0.00059,0.00723,0.0077,0.00725
0.6,100,30,0.8,"Var",13.41132,13.31281,12.91196,13.09156,16.09033,15.97672,15.89867,13.43669,13.44218,13.43638
0.6,100,30,0.8,"MSE",1.11416,1.06576,1.06428,1.06424,2.00276,1.92702,1.87836,1.09496,1.10186,1.09516
0.7,20,5,0.2,"Bias",-0.02608,0.10326,0.10036,0.10575,-0.01295,-0.00852,-0.00466,0.24809,0.26029,0.24953
0.7,20,5,0.2,"Var",3.82145,4.49889,4.05808,4.08076,5.86361,5.93148,5.92172,3.72556,3.69856,3.72076
0.7,20,5,0.2,"MSE",1.68154,1.38875,1.32259,1.32555,2.09386,2.2356,2.24225,1.63978,1.68293,1.64334
0.7,20,5,0.8,"Bias",0.00599,0.12914,0.21425,0.09308,0.02202,0.17648,0.20077,0.09413,0.09268,0.09413
0.7,20,5,0.8,"Var",16.11729,16.68225,13.4115,15.77951,20.0588,85.30537,165.62022,16.25899,16.27597,16.25896
0.7,20,5,0.8,"MSE",1.20743,1.36903,1.5437,1.36322,3.87139,67.5686,145.64819,1.1999,1.20102,1.1999
0.7,20,10,0.2,"Bias",-0.03394,0.01072,0.01512,0.0075,-0.00544,-0.00522,-0.00509,0.13004,0.13352,0.13033
0.7,20,10,0.2,"Var",3.99484,4.12138,4.00306,4.00728,5.43996,5.37328,5.36329,3.96199,4.0125,3.9648
0.7,20,10,0.2,"MSE",1.29935,1.16135,1.1302,1.13009,2.03642,1.99342,1.99751,1.25223,1.26105,1.25203
0.7,20,10,0.8,"Bias",-0.03576,0.0574,0.09818,0.02847,-0.00726,0.01491,0.01479,0.03879,0.03791,0.03875
0.7,20,10,0.8,"Var",8.96224,9.47707,8.15951,8.97081,11.71406,11.11909,11.11757,9.09613,9.09939,9.09621
0.7,20,10,0.8,"MSE",1.12732,1.22629,1.22257,1.20783,2.09831,1.66109,1.66075,1.11942,1.11867,1.11913
0.7,20,20,0.2,"Bias",-0.00722,-0.00271,-0.00576,-0.00091,-0.00207,-0.00156,0.00136,-0.07934,-0.09942,-0.08166
0.7,20,20,0.2,"Var",4.11147,4.50762,4.32195,4.36043,5.85413,5.79601,5.17608,4.18741,4.16311,4.18236
0.7,20,20,0.2,"MSE",1.31959,1.07814,1.07513,1.0744,2.01816,1.9826,1.87858,1.11601,1.1841,1.12081
0.7,20,20,0.8,"Bias",0.00004,-0.00494,-0.06569,-0.00727,-0.00229,-0.00218,-0.00259,-0.05093,-0.05084,-0.05108
0.7,20,20,0.8,"Var",13.50628,13.17624,11.06552,12.94397,16.01387,15.55654,15.24203,13.56861,13.58388,13.56972
0.7,20,20,0.8,"MSE",1.11868,1.11383,1.23254,1.11508,2.04517,1.76186,1.60926,1.11101,1.11602,1.11151
0.7,20,30,0.2,"Bias",0.0046,-0.00236,-0.00287,-0.00195,0.00003,-0.00072,0.01764,0.03766,0.00063,0.03577
0.7,20,30,0.2,"Var",3.70491,4.26735,4.15205,4.16339,5.64333,5.58746,4.36086,3.75839,3.81769,3.75902
0.7,20,30,0.2,"MSE",1.23319,1.04996,1.04678,1.04695,2.02254,1.98646,2.20515,1.11206,1.13527,1.11315
0.7,20,30,0.8,"Bias",0.00903,-0.00496,-0.01769,0.00293,-0.00049,0.00147,0.0339,0.00633,0.00078,0.00597
0.7,20,30,0.8,"Var",9.99908,9.88265,9.18111,9.65905,12.71007,12.45227,11.18034,10.00616,10.01048,10.00608
0.7,20,30,0.8,"MSE",1.09024,1.07298,1.08655,1.07389,2.03275,1.86102,1.33232,1.08116,1.08519,1.0814
0.7,100,5,0.2,"Bias",-0.02123,0.02707,0.02677,0.02724,0.0048,0.00521,0.00503,-0.01905,-0.019,-0.01903
0.7,100,5,0.2,"Var",3.745,4.02996,3.64287,3.65136,5.26914,5.28577,5.28556,3.74603,3.75006,3.7459
0.7,100,5,0.2,"MSE",1.25533,1.29379,1.1565,1.15784,2.01948,2.03737,2.0386,1.24866,1.24704,1.24865
0.7,100,5,0.8,"Bias",-0.00406,0.01659,0.0137,0.01824,0.00287,0.0053,0.00529,-0.01169,-0.01131,-0.01169
0.7,100,5,0.8,"Var",8.00177,8.60841,7.56379,8.20394,10.68534,10.88994,10.96528,8.00169,8.02172,8.00169
0.7,100,5,0.8,"MSE",1.11397,1.29765,1.27601,1.28185,2.07952,2.37135,2.44958,1.11111,1.11185,1.11111
0.7,100,10,0.2,"Bias",-0.01082,0.00162,0.00154,0.00169,-0.00186,-0.00225,-0.00229,-0.00159,-0.00465,-0.00179
0.7,100,10,0.2,"Var",4.09967,4.61376,4.29041,4.29332,5.99046,5.97003,5.96797,4.19952,4.17264,4.1989
0.7,100,10,0.2,"MSE",1.28515,1.14235,1.10873,1.10877,2.00816,1.99959,2.00635,1.19533,1.20675,1.19487
0.7,100,10,0.8,"Bias",-0.02226,0.02521,0.02515,0.02543,-0.00231,-0.00262,-0.00298,-0.02521,-0.02492,-0.02522
0.7,100,10,0.8,"Var",11.39048,11.28583,10.49286,10.81191,13.98627,13.63998,13.62774,11.39157,11.40861,11.39155
0.7,100,10,0.8,"MSE",1.11595,1.19931,1.1909,1.19102,2.01856,1.81154,1.80399,1.11437,1.1142,1.11436
0.7,100,20,0.2,"Bias",-0.02083,0.00332,0.00363,0.00305,-0.00176,-0.00171,-0.00179,-0.03102,-0.01943,-0.03072
0.7,100,20,0.2,"Var",5.32092,5.76971,5.57422,5.58549,7.15226,7.12894,7.12735,5.55376,5.43679,5.54691
0.7,100,20,0.2,"MSE",1.34567,1.06545,1.05781,1.05794,1.99748,1.98684,1.988,1.10457,1.12975,1.10563
0.7,100,20,0.8,"Bias",-0.01555,0.01072,0.01433,0.00766,-0.00168,-0.00028,-0.00035,-0.01981,-0.01946,-0.0198
0.7,100,20,0.8,"Var",14.36445,14.29877,13.63507,14.03294,17.02246,16.80757,16.80983,14.37393,14.37921,14.3736
0.7,100,20,0.8,"MSE",1.10693,1.09864,1.09824,1.09628,2.00319,1.87733,1.87876,1.0995,1.10424,1.09971
0.7,100,30,0.2,"Bias",0.00876,-0.00178,-0.0017,-0.00185,0.00032,0.00024,0.00158,0.00157,0.0074,0.00175
0.7,100,30,0.2,"Var",4.29576,4.67194,4.58103,4.5909,6.05592,6.0444,5.93875,4.43673,4.40317,4.43344
0.7,100,30,0.2,"MSE",1.328,1.04552,1.04183,1.04212,2.00442,1.9965,1.96795,1.08526,1.10533,1.08552
0.7,100,30,0.8,"Bias",0.00565,-0.00302,-0.00211,-0.00386,0.00021,0.00004,0.0006,0.00371,0.00514,0.00373
0.7,100,30,0.8,"Var",12.11905,12.02945,11.62471,11.81064,14.80418,14.6884,14.61383,12.14225,12.14562,12.14206
0.7,100,30,0.8,"MSE",1.11087,1.06588,1.06434,1.06418,2.00267,1.93028,1.88381,1.08966,1.09953,1.08977
0.8,20,5,0.2,"Bias",-0.02297,0.10326,0.09698,0.10726,-0.0139,-0.0082,-0.00265,0.08368,0.08362,0.08384
0.8,20,5,0.2,"Var",3.94806,4.40279,3.9366,3.95698,5.80768,5.90747,5.90306,3.89404,3.88697,3.89181
0.8,20,5,0.2,"MSE",1.3974,1.38875,1.29195,1.29606,2.10925,2.3109,2.32811,1.36206,1.36801,1.36211
0.8,20,5,0.8,"Bias",0.00597,0.10847,0.11074,0.11186,0.01359,0.10908,0.12562,0.06276,0.06188,0.06281
0.8,20,5,0.8,"Var",9.7058,9.91208,7.49481,9.2671,13.12063,13.17643,13.62902,9.70613,9.71934,9.706
0.8,20,5,0.8,"MSE",1.18531,1.36122,1.51573,1.36669,3.11979,4.11501,4.65235,1.17066,1.1712,1.17066
0.8,20,10,0.2,"Bias",-0.04134,0.01072,0.01643,0.00744,-0.00544,-0.00527,-0.00521,0.12734,0.12767,0.12733
0.8,20,10,0.2,"Var",4.27266,4.17552,4.05224,4.0572,5.48204,5.4187,5.40827,4.25494,4.2824,4.25673
0.8,20,10,0.2,"MSE",1.19469,1.16135,1.11226,1.11236,2.03678,1.9939,1.99799,1.19066,1.19603,1.19084
0.8,20,10,0.8,"Bias",-0.03569,0.05631,0.11514,0.01908,-0.00621,0.01403,0.01403,0.05554,0.05474,0.05565
0.8,20,10,0.8,"Var",6.20485,6.78619,5.43922,6.33823,8.92654,8.36751,8.36923,6.33397,6.33943,6.33362
0.8,20,10,0.8,"MSE",1.10039,1.22351,1.22537,1.19539,2.10004,1.67677,1.67835,1.09371,1.09393,1.09363
0.8,20,20,0.2,"Bias",-0.00352,-0.00271,-0.00296,-0.00321,-0.00205,-0.00165,0.00164,-0.04433,-0.04368,-0.04434
0.8,20,20,0.2,"Var",3.72095,3.82549,3.67442,3.67906,5.15602,5.10187,4.43729,3.71927,3.71981,3.71927
0.8,20,20,0.2,"MSE",1.02311,1.07814,1.02866,1.02951,2.01758,1.98359,1.87806,1.02164,1.02139,1.02164
0.8,20,20,0.8,"Bias",-0.00287,-0.00287,-0.00473,-0.00243,-0.00246,-0.00217,-0.00181,-0.04236,-0.04186,-0.04236
0.8,20,20,0.8,"Var",3.19266,3.20402,2.79796,2.83272,5.85913,5.58834,4.6835,3.21862,3.21876,3.21862
0.8,20,20,0.8,"MSE",1.02372,1.11502,1.0713,1.0734,2.02019,1.84493,1.40237,1.02179,1.02169,1.02179
0.8,20,30,0.2,"Bias",0.00389,-0.00236,-0.00311,-0.00186,0.00003,-0.0007,0.01825,-0.03578,-0.05505,-0.03663
0.8,20,30,0.2,"Var",3.61983,3.95369,3.86784,3.87651,5.3282,5.27271,4.04147,3.63584,3.6545,3.63487
0.8,20,30,0.2,"MSE",1.18916,1.04996,1.04587,1.04597,2.02254,1.98636,2.2383,1.0958,1.1358,1.09757
0.8,20,30,0.8,"Bias",0.00941,-0.00562,-0.0255,0.00102,-0.00047,0.00164,0.03755,-0.02475,-0.02919,-0.02511
0.8,20,30,0.8,"Var",7.96845,7.90142,7.15742,7.694,10.70883,10.46309,9.21127,7.99735,8.00471,7.99747
0.8,20,30,0.8,"MSE",1.08369,1.07268,1.09344,1.07348,2.03146,1.85993,1.33059,1.07109,1.08011,1.07177
0.8,100,5,0.2,"Bias",-0.01318,0.02707,0.02754,0.02682,0.00481,0.00522,0.00506,0.00771,0.00781,0.00773
0.8,100,5,0.2,"Var",3.68965,3.95948,3.58259,3.58833,5.22442,5.24116,5.24075,3.69617,3.69836,3.69616
0.8,100,5,0.2,"MSE",1.1743,1.29379,1.1367,1.13772,2.01907,2.03692,2.03786,1.16968,1.16893,1.16972
0.8,100,5,0.8,"Bias",-0.00365,0.01871,0.02297,0.01479,0.00324,0.00725,0.00723,0.00141,0.00162,0.00141
0.8,100,5,0.8,"Var",6.03268,6.59693,5.63446,6.15018,8.70661,8.78047,8.78579,6.03721,6.0534,6.03722
0.8,100,5,0.8,"MSE",1.09898,1.29904,1.27112,1.27666,2.0475,2.18822,2.19331,1.09613,1.09646,1.09612
0.8,100,10,0.2,"Bias",-0.00621,0.00162,0.002,0.00141,-0.00186,-0.00227,-0.00231,0.0517,0.05123,0.05168
0.8,100,10,0.2,"Var",3.87959,4.11704,3.85497,3.85608,5.48652,5.46656,5.46435,3.90928,3.90635,3.90929
0.8,100,10,0.2,"MSE",1.13468,1.14235,1.082,1.08204,2.00798,1.99954,2.00665,1.12892,1.12857,1.12874
0.8,100,10,0.8,"Bias",-0.01682,0.02798,0.0325,0.02411,-0.00199,-0.00218,-0.00238,0.01429,0.01429,0.01429
0.8,100,10,0.8,"Var",6.29964,6.40483,5.72125,5.87382,8.9566,8.75691,8.76778,6.32668,6.33712,6.32668
0.8,100,10,0.8,"MSE",1.08159,1.1992,1.17061,1.17286,2.0084,1.88216,1.88742,1.07992,1.07935,1.07992
0.8,100,20,0.2,"Bias",-0.01671,0.00332,0.00371,0.003,-0.00176,-0.00171,-0.00179,-0.01321,-0.0007,-0.01276
0.8,100,20,0.2,"Var",5.17203,5.48595,5.29373,5.3054,6.86757,6.84512,6.84388,5.33956,5.22658,5.33396
0.8,100,20,0.2,"MSE",1.26226,1.06545,1.05545,1.05564,1.99744,1.98703,1.98828,1.09259,1.124,1.09292
0.8,100,20,0.8,"Bias",-0.01505,0.01138,0.01655,0.00728,-0.00165,-0.00042,-0.0005,-0.00944,-0.00856,-0.0094
0.8,100,20,0.8,"Var",11.46182,11.44232,10.75282,11.17138,14.13434,13.95037,13.95305,11.46841,11.47241,11.46807
0.8,100,20,0.8,"MSE",1.09612,1.09902,1.09877,1.09586,2.00125,1.89172,1.89334,1.0902,1.0941,1.0905
0.8,100,30,0.2,"Bias",0.00711,-0.00178,-0.00169,-0.00185,0.00032,0.0002,0.00153,-0.01681,-0.01073,-0.01658
0.8,100,30,0.2,"Var",4.28177,4.46144,4.38238,4.38873,5.84366,5.83222,5.72811,4.34691,4.29849,4.34351
0.8,100,30,0.2,"MSE",1.27169,1.04552,1.0408,1.04104,2.0044,1.99663,1.96875,1.07592,1.10573,1.07652
0.8,100,30,0.8,"Bias",0.0057,-0.0033,-0.00254,-0.0041,0.00023,0.00007,0.00057,-0.00767,-0.00576,-0.00763
0.8,100,30,0.8,"Var",10.05353,10.00539,9.59312,9.78835,12.75367,12.64782,12.57514,10.08023,10.07262,10.07967
0.8,100,30,0.8,"MSE",1.10336,1.06579,1.06372,1.0635,2.00211,1.93229,1.88607,1.08189,1.09613,1.08225
0.9,20,5,0.2,"Bias",0.01231,0.10326,0.09604,0.10713,-0.01306,-0.00913,-0.00432,0.03465,0.03488,0.03461
0.9,20,5,0.2,"Var",3.782,4.31664,3.86382,3.88163,5.7301,5.82344,5.82391,3.78895,3.7803,3.78707
0.9,20,5,0.2,"MSE",1.33205,1.38875,1.27329,1.27741,2.10453,2.29365,2.31592,1.2957,1.3033,1.29672
0.9,20,5,0.8,"Bias",0.01596,0.10306,0.07529,0.11453,0.01588,0.09473,0.10521,0.04582,0.04529,0.04584
0.9,20,5,0.8,"Var",7.75215,8.06116,5.79355,7.47396,10.62643,11.21553,10.99074,7.73903,7.74969,7.73901
0.9,20,5,0.8,"MSE",1.17756,1.3597,1.51956,1.36293,2.47966,3.80263,3.42195,1.16033,1.16048,1.16031
0.9,20,10,0.2,"Bias",-0.04704,0.01072,0.01853,0.00711,-0.00541,-0.0052,-0.00514,0.04816,0.04842,0.04829
0.9,20,10,0.2,"Var",4.32113,3.81376,3.85587,3.84489,5.12016,5.05789,5.04914,4.30596,4.31998,4.30792
0.9,20,10,0.2,"MSE",1.16032,1.16135,1.10361,1.10381,2.03677,1.99357,1.99773,1.1473,1.15083,1.14782
0.9,20,10,0.8,"Bias",-0.03537,0.05146,0.11599,0.02147,-0.00596,0.01376,0.01359,0.02598,0.02551,0.02598
0.9,20,10,0.8,"Var",5.16277,5.66165,4.14852,5.26859,7.87625,7.32695,7.33077,5.21296,5.21829,5.21275
0.9,20,10,0.8,"MSE",1.08675,1.22194,1.25886,1.19653,2.14535,1.67666,1.67941,1.07661,1.07665,1.07664
0.9,20,20,0.2,"Bias",-0.0034,-0.00271,-0.00267,-0.00301,-0.00205,-0.00166,0.00166,-0.02361,-0.02326,-0.02361
0.9,20,20,0.2,"Var",3.69927,3.78973,3.66162,3.66565,5.12017,5.06595,4.39746,3.69894,3.69933,3.69894
0.9,20,20,0.2,"MSE",1.0199,1.07814,1.02523,1.02624,2.01751,1.9836,1.87733,1.01704,1.01691,1.01704
0.9,20,20,0.8,"Bias",-0.00285,-0.00247,-0.00274,-0.00253,-0.00244,-0.00221,-0.00252,-0.02281,-0.0225,-0.02281
0.9,20,20,0.8,"Var",3.01953,3.02776,2.64484,2.67409,5.677,5.41267,4.49809,3.03876,3.03886,3.03876
0.9,20,20,0.8,"MSE",1.0211,1.11506,1.06677,1.06917,2.01912,1.84807,1.39956,1.018,1.01796,1.018
0.9,20,30,0.2,"Bias",-0.00172,-0.00236,-0.00232,-0.00239,0.00004,-0.00073,0.01812,0.01105,0.01082,0.01105
0.9,20,30,0.2,"Var",3.71155,3.88953,3.73474,3.7435,5.25961,5.20095,3.8188,3.71355,3.71608,3.71355
0.9,20,30,0.2,"MSE",1.01729,1.04996,1.01892,1.02089,2.02219,1.98631,2.23034,1.01496,1.01465,1.01496
0.9,20,30,0.8,"Bias",-0.00085,-0.00484,-0.00406,-0.00516,-0.0002,0.00104,0.04834,0.01114,0.01097,0.01114
0.9,20,30,0.8,"Var",2.85868,2.87798,2.62293,2.6448,5.54477,5.30791,3.55225,2.87377,2.87437,2.87376
0.9,20,30,0.8,"MSE",1.0171,1.07216,1.03791,1.04096,2.02546,1.8776,1.45988,1.0147,1.01448,1.0147
0.9,100,5,0.2,"Bias",-0.00517,0.02707,0.02676,0.02718,0.00482,0.00503,0.00487,-0.03051,-0.0301,-0.03052
0.9,100,5,0.2,"Var",3.65461,3.76403,3.47249,3.47451,5.04445,5.06229,5.06231,3.64805,3.64961,3.64805
0.9,100,5,0.2,"MSE",1.1006,1.29379,1.10813,1.10884,2.01866,2.03705,2.03822,1.09901,1.09758,1.09897
0.9,100,5,0.8,"Bias",-0.00054,0.01401,0.00837,0.01951,0.00395,0.00419,0.00466,-0.02335,-0.02297,-0.02335
0.9,100,5,0.8,"Var",4.36217,4.91215,4.10378,4.38783,6.98717,7.05541,7.0523,4.36591,4.37879,4.3659
0.9,100,5,0.8,"MSE",1.07264,1.29919,1.24414,1.25551,2.02984,2.13442,2.13139,1.07054,1.07066,1.07054
0.9,100,10,0.2,"Bias",-0.00542,0.00162,0.00204,0.00142,-0.00186,-0.00224,-0.00228,0.05567,0.05551,0.05566
0.9,100,10,0.2,"Var",3.89927,3.95715,3.74262,3.74369,5.3191,5.3,5.29787,3.92311,3.92217,3.92307
0.9,100,10,0.2,"MSE",1.09243,1.14235,1.06673,1.06681,2.00798,1.99973,2.00686,1.09279,1.09172,1.09275
0.9,100,10,0.8,"Bias",-0.01355,0.02816,0.03458,0.02285,-0.00192,-0.00196,-0.00219,0.02553,0.02542,0.02554
0.9,100,10,0.8,"Var",5.18704,5.3388,4.67432,4.81902,7.80121,7.63936,7.65291,5.21894,5.22743,5.21894
0.9,100,10,0.8,"MSE",1.06236,1.19856,1.1576,1.1615,2.00844,1.90105,1.90791,1.06141,1.06102,1.06142
0.9,100,20,0.2,"Bias",-0.00727,0.00332,0.00354,0.00318,-0.00177,-0.0017,-0.00178,-0.00043,0.00459,-0.00029
0.9,100,20,0.2,"Var",4.87944,5.03735,4.8546,4.86034,6.41797,6.39647,6.39509,4.91298,4.8839,4.91218
0.9,100,20,0.2,"MSE",1.10257,1.06545,1.04347,1.04384,1.99746,1.98715,1.98843,1.07191,1.08953,1.07212
0.9,100,20,0.8,"Bias",-0.00975,0.0114,0.01415,0.00904,-0.00168,-0.00078,-0.00082,-0.00231,-0.00203,-0.0023
0.9,100,20,0.8,"Var",6.28469,6.29438,5.79073,5.9378,8.95102,8.82518,8.82575,6.28939,6.29165,6.28935
0.9,100,20,0.8,"MSE",1.06009,1.09952,1.08347,1.08529,1.99899,1.92258,1.92297,1.05782,1.05826,1.05786
0.9,100,30,0.2,"Bias",0.00192,-0.00178,-0.00183,-0.00175,0.00032,0.00029,0.00162,-0.02153,-0.0308,-0.02181
0.9,100,30,0.2,"Var",4.12312,4.25327,4.18904,4.19252,5.63492,5.62364,5.51848,4.1479,4.1231,4.14697
0.9,100,30,0.2,"MSE",1.10327,1.04552,1.03411,1.03457,2.00443,1.99675,1.96886,1.05977,1.08434,1.06023
0.9,100,30,0.8,"Bias",0.00336,-0.00341,-0.0049,-0.00227,0.00027,0.00003,0.00059,-0.01777,-0.02081,-0.01783
0.9,100,30,0.8,"Var",5.29413,5.2751,4.96079,5.02559,8.01222,7.93151,7.83406,5.31059,5.30551,5.31044
0.9,100,30,0.8,"MSE",1.06541,1.06601,1.05603,1.05691,2.00209,1.9514,1.89124,1.05533,1.06314,1.0554
1,20,5,0.2,"Bias",-0.00857,0.10326,0.09499,0.1032,-0.01366,-0.01012,-0.00742,-0.00929,-0.00929,-0.00927
1,20,5,0.2,"Var",4.01151,4.00111,3.66431,3.66845,5.42238,5.51241,5.52413,4.01661,4.01665,4.01662
1,20,5,0.2,"MSE",1.05562,1.38875,1.14701,1.15138,2.1103,2.30169,2.32885,1.03724,1.03717,1.03722
1,20,5,0.8,"Bias",-0.012,0.1042,0.09256,0.11103,-0.00636,0.0044,0.01998,-0.01072,-0.01101,-0.01072
1,20,5,0.8,"Var",2.89393,3.26825,2.32534,2.56884,5.50735,7.66411,6.90487,2.92136,2.92674,2.92133
1,20,5,0.8,"MSE",1.0452,1.35895,1.25606,1.27445,2.1649,4.71281,3.99149,1.03116,1.03087,1.03112
1,20,10,0.2,"Bias",-0.00726,0.01072,0.01033,0.01072,-0.00544,-0.00513,-0.00509,-0.00716,-0.00707,-0.00716
1,20,10,0.2,"Var",4.13744,4.21961,4.07495,4.07475,5.55782,5.49216,5.48223,4.13869,4.13899,4.13868
1,20,10,0.2,"MSE",1.02246,1.16135,1.03954,1.04018,2.03595,1.99303,1.99744,1.01406,1.01409,1.01406
1,20,10,0.8,"Bias",-0.00596,0.04603,0.04513,0.04641,-0.00596,0.00484,0.00495,-0.00606,-0.00601,-0.00606
1,20,10,0.8,"Var",2.41288,2.63126,2.05151,2.11918,5.05901,4.64169,4.63989,2.43463,2.43791,2.43465
1,20,10,0.8,"MSE",1.02239,1.2246,1.1298,1.13857,2.05634,1.78731,1.78731,1.01432,1.01429,1.01432
1,20,20,0.2,"Bias",-0.00321,-0.00271,-0.00262,-0.00286,-0.00205,-0.00167,0.0017,-0.0024,-0.00239,-0.0024
1,20,20,0.2,"Var",3.66581,3.71004,3.63632,3.63899,5.04029,4.98658,4.31238,3.66731,3.667,3.66731
1,20,20,0.2,"MSE",1.01489,1.07814,1.01952,1.02057,2.0175,1.98381,1.87745,1.01149,1.01153,1.01149
1,20,20,0.8,"Bias",-0.00276,-0.00207,-0.00133,-0.00243,-0.00244,-0.00226,-0.00258,-0.00187,-0.00179,-0.00187
1,20,20,0.8,"Var",2.66449,2.6448,2.31899,2.34153,5.26177,5.00416,4.09811,2.68292,2.68259,2.68292
1,20,20,0.8,"MSE",1.01593,1.11503,1.05655,1.05932,2.01873,1.85283,1.40703,1.01251,1.01255,1.01251
1,20,30,0.2,"Bias",-0.00219,-0.00236,-0.00229,-0.00246,0.00004,-0.00073,0.01806,-0.00025,-0.00029,-0.00025
1,20,30,0.2,"Var",3.69083,3.71867,3.67437,3.67728,5.08701,5.02893,3.67662,3.69174,3.69165,3.69174
1,20,30,0.2,"MSE",1.00709,1.04996,1.00961,1.01217,2.0222,1.98628,2.22849,1.0047,1.00475,1.0047
1,20,30,0.8,"Bias",-0.00207,-0.00493,-0.00452,-0.00516,-0.00018,0.00097,0.04934,0.00014,0.0001,0.00014
1,20,30,0.8,"Var",2.46277,2.4086,2.22458,2.23838,5.05675,4.82983,3.17923,2.47466,2.47405,2.47466
1,20,30,0.8,"MSE",1.00717,1.07218,1.02689,1.03077,2.02523,1.87975,1.47625,1.00471,1.00474,1.00471
1,100,5,0.2,"Bias",0.00605,0.02707,0.02775,0.02692,0.00482,0.00516,0.00503,0.00541,0.00572,0.00541
1,100,5,0.2,"Var",3.74329,3.82815,3.4855,3.4868,5.12704,5.14327,5.14343,3.74325,3.74505,3.74324
1,100,5,0.2,"MSE",1.01386,1.29379,1.055,1.05552,2.01826,2.03552,2.0366,1.01189,1.01198,1.01189
1,100,5,0.8,"Bias",0.00584,0.01661,0.01785,0.01557,0.0043,0.00528,0.00524,0.00522,0.00542,0.00522
1,100,5,0.8,"Var",2.70376,3.17359,2.49384,2.56719,5.27091,5.3191,5.31759,2.70908,2.71887,2.70907
1,100,5,0.8,"MSE",1.01362,1.3009,1.20459,1.2114,2.01688,2.07717,2.0777,1.01165,1.01172,1.01165
1,100,10,0.2,"Bias",-0.00229,0.00162,0.0017,0.00161,-0.00185,-0.00221,-0.00225,-0.00248,-0.00235,-0.00248
1,100,10,0.2,"Var",3.79147,3.82161,3.6664,3.66647,5.19139,5.17212,5.17083,3.79194,3.79178,3.79194
1,100,10,0.2,"MSE",1.00477,1.14235,1.01496,1.015,2.00811,1.99977,2.00704,1.00329,1.00336,1.00329
1,100,10,0.8,"Bias",-0.00196,0.02487,0.02516,0.02468,-0.00194,-0.00212,-0.00234,-0.00219,-0.00188,-0.00219
1,100,10,0.8,"Var",2.94911,3.05733,2.51943,2.53832,5.53981,5.43918,5.44888,2.95414,2.95933,2.95414
1,100,10,0.8,"MSE",1.00475,1.19934,1.11129,1.11313,2.00803,1.94118,1.9451,1.0033,1.00333,1.0033
1,100,20,0.2,"Bias",-0.00006,0.00332,0.00331,0.00332,-0.00177,-0.0017,-0.00178,-0.00022,-0.00014,-0.00022
1,100,20,0.2,"Var",4.64861,4.67277,4.59374,4.59516,6.05287,6.03203,6.03113,4.64897,4.6481,4.64897
1,100,20,0.2,"MSE",0.99934,1.06545,1.00225,1.00335,1.99744,1.98722,1.98855,0.99855,0.99863,0.99855
1,100,20,0.8,"Bias",-0.00008,0.01118,0.01113,0.0112,-0.00177,-0.00108,-0.00112,-0.00025,-0.00009,-0.00025
1,100,20,0.8,"Var",3.07128,3.02857,2.70849,2.71843,5.66713,5.58534,5.58517,3.07473,3.07492,3.07473
1,100,20,0.8,"MSE",0.99919,1.09967,1.0379,1.03946,1.99835,1.9474,1.94733,0.99839,0.99844,0.99839
1,100,30,0.2,"Bias",-0.00056,-0.00178,-0.00177,-0.00178,0.00032,0.0002,0.00151,-0.00048,-0.00051,-0.00048
1,100,30,0.2,"Var",4.17142,4.18908,4.14483,4.14738,5.56863,5.55791,5.45339,4.17161,4.17112,4.17161
1,100,30,0.2,"MSE",1.00218,1.04552,1.00339,1.00542,2.00443,1.99686,1.96911,1.00174,1.00181,1.00174
1,100,30,0.8,"Bias",-0.00059,-0.00311,-0.00309,-0.00312,0.00029,-0.00003,0.00053,-0.00049,-0.00053,-0.00049
1,100,30,0.8,"Var",2.99909,2.89921,2.71143,2.72245,5.59598,5.53934,5.42959,3.00162,2.99972,3.00162
1,100,30,0.8,"MSE",1.00217,1.06604,1.0201,1.02248,2.00204,1.96624,1.89938,1.00171,1.00176,1.00171
